Data as of,State,Place of Death,Start week,End Week,COVID19 Deaths,Total Deaths,Pneumonia Deaths,Pneumonia and COVID19 Deaths,Influenza Deaths,"Pneumonia, Influenza, or COVID19 Deaths",Footnote
05/28/2020,United States,"Healthcare Setting, Inpatient",02/01/2020,05/23/2020,52631,284424,66041,27754,3838,94681,
05/28/2020,United States,"Healthcare Setting, Outpatient or Emergency Room",02/01/2020,05/23/2020,3185,56781,3398,1107,213,5681,
05/28/2020,United States,"Healthcare Setting, Dead on Arrival",02/01/2020,05/23/2020,87,2595,69,22,11,145,
05/28/2020,United States,Decedent's Home,02/01/2020,05/23/2020,4247,313616,6446,703,1358,10545,
05/28/2020,United States,Hospice Facility,02/01/2020,05/23/2020,1571,63593,4401,787,300,5479,
05/28/2020,United States,Nursing Home or Long Term Care Facility,02/01/2020,05/23/2020,18512,189138,13216,4924,490,27282,
05/28/2020,United States,Other,02/01/2020,05/23/2020,1110,61079,1493,295,89,2382,
05/28/2020,United States,Place of Death Unknown,02/01/2020,05/23/2020,29,653,33,10,2,54,
05/28/2020,Alabama,"Healthcare Setting, Inpatient",02/01/2020,05/23/2020,375,4884,891,122,64,1208,
05/28/2020,Alabama,"Healthcare Setting, Outpatient or Emergency Room",02/01/2020,05/23/2020,17,1255,28,,,49,One or more data cells have counts between 1–9 and have been suppressed in accordance with NCHS confidentiality standards.
05/28/2020,Alabama,"Healthcare Setting, Dead on Arrival",02/01/2020,05/23/2020,0,19,0,0,0,0,
05/28/2020,Alabama,Decedent's Home,02/01/2020,05/23/2020,22,6778,51,,13,82,One or more data cells have counts between 1–9 and have been suppressed in accordance with NCHS confidentiality standards.
05/28/2020,Alabama,Hospice Facility,02/01/2020,05/23/2020,,732,55,,,58,One or more data cells have counts between 1–9 and have been suppressed in accordance with NCHS confidentiality standards.
05/28/2020,Alabama,Nursing Home or Long Term Care Facility,02/01/2020,05/23/2020,85,2210,64,,,142,One or more data cells have counts between 1–9 and have been suppressed in accordance with NCHS confidentiality standards.
05/28/2020,Alabama,Other,02/01/2020,05/23/2020,0,912,,0,,10,One or more data cells have counts between 1–9 and have been suppressed in accordance with NCHS confidentiality standards.
05/28/2020,Alabama,Place of Death Unknown,02/01/2020,05/23/2020,0,0,0,0,0,0,
05/28/2020,Alaska,"Healthcare Setting, Inpatient",02/01/2020,05/23/2020,,409,43,,,52,One or more data cells have counts between 1–9 and have been suppressed in accordance with NCHS confidentiality standards.
05/28/2020,Alaska,"Healthcare Setting, Outpatient or Emergency Room",02/01/2020,05/23/2020,0,80,,0,0,,One or more data cells have counts between 1–9 and have been suppressed in accordance with NCHS confidentiality standards.
05/28/2020,Alaska,"Healthcare Setting, Dead on Arrival",02/01/2020,05/23/2020,0,,0,0,0,0,One or more data cells have counts between 1–9 and have been suppressed in accordance with NCHS confidentiality standards.
05/28/2020,Alaska,Decedent's Home,02/01/2020,05/23/2020,0,490,,0,0,,One or more data cells have counts between 1–9 and have been suppressed in accordance with NCHS confidentiality standards.
05/28/2020,Alaska,Hospice Facility,02/01/2020,05/23/2020,0,0,0,0,0,0,
05/28/2020,Alaska,Nursing Home or Long Term Care Facility,02/01/2020,05/23/2020,0,138,,0,,,One or more data cells have counts between 1–9 and have been suppressed in accordance with NCHS confidentiality standards.
05/28/2020,Alaska,Other,02/01/2020,05/23/2020,0,98,,0,0,,One or more data cells have counts between 1–9 and have been suppressed in accordance with NCHS confidentiality standards.
05/28/2020,Alaska,Place of Death Unknown,02/01/2020,05/23/2020,0,0,0,0,0,0,
05/28/2020,Arizona,"Healthcare Setting, Inpatient",02/01/2020,05/23/2020,385,4726,982,234,78,1211,
05/28/2020,Arizona,"Healthcare Setting, Outpatient or Emergency Room",02/01/2020,05/23/2020,16,1091,46,,,57,One or more data cells have counts between 1–9 and have been suppressed in accordance with NCHS confidentiality standards.
05/28/2020,Arizona,"Healthcare Setting, Dead on Arrival",02/01/2020,05/23/2020,0,,0,0,0,0,One or more data cells have counts between 1–9 and have been suppressed in accordance with NCHS confidentiality standards.
05/28/2020,Arizona,Decedent's Home,02/01/2020,05/23/2020,32,7348,189,14,10,217,
05/28/2020,Arizona,Hospice Facility,02/01/2020,05/23/2020,52,2011,152,15,15,204,
05/28/2020,Arizona,Nursing Home or Long Term Care Facility,02/01/2020,05/23/2020,83,1407,96,28,,152,One or more data cells have counts between 1–9 and have been suppressed in accordance with NCHS confidentiality standards.
05/28/2020,Arizona,Other,02/01/2020,05/23/2020,63,4610,136,20,,180,One or more data cells have counts between 1–9 and have been suppressed in accordance with NCHS confidentiality standards.
05/28/2020,Arizona,Place of Death Unknown,02/01/2020,05/23/2020,0,0,0,0,0,0,
05/28/2020,Arkansas,"Healthcare Setting, Inpatient",02/01/2020,05/23/2020,58,2540,442,16,48,532,
05/28/2020,Arkansas,"Healthcare Setting, Outpatient or Emergency Room",02/01/2020,05/23/2020,,773,32,,,42,One or more data cells have counts between 1–9 and have been suppressed in accordance with NCHS confidentiality standards.
05/28/2020,Arkansas,"Healthcare Setting, Dead on Arrival",02/01/2020,05/23/2020,,31,,,0,,One or more data cells have counts between 1–9 and have been suppressed in accordance with NCHS confidentiality standards.
05/28/2020,Arkansas,Decedent's Home,02/01/2020,05/23/2020,,3487,60,,12,73,One or more data cells have counts between 1–9 and have been suppressed in accordance with NCHS confidentiality standards.
05/28/2020,Arkansas,Hospice Facility,02/01/2020,05/23/2020,0,1048,73,0,,76,One or more data cells have counts between 1–9 and have been suppressed in accordance with NCHS confidentiality standards.
05/28/2020,Arkansas,Nursing Home or Long Term Care Facility,02/01/2020,05/23/2020,18,1744,78,,,95,One or more data cells have counts between 1–9 and have been suppressed in accordance with NCHS confidentiality standards.
05/28/2020,Arkansas,Other,02/01/2020,05/23/2020,,601,11,0,0,16,One or more data cells have counts between 1–9 and have been suppressed in accordance with NCHS confidentiality standards.
05/28/2020,Arkansas,Place of Death Unknown,02/01/2020,05/23/2020,0,0,0,0,0,0,
05/28/2020,California,"Healthcare Setting, Inpatient",02/01/2020,05/23/2020,2227,26983,6165,1378,482,7495,
05/28/2020,California,"Healthcare Setting, Outpatient or Emergency Room",02/01/2020,05/23/2020,92,5071,322,35,19,398,
05/28/2020,California,"Healthcare Setting, Dead on Arrival",02/01/2020,05/23/2020,,38,,0,0,,One or more data cells have counts between 1–9 and have been suppressed in accordance with NCHS confidentiality standards.
05/28/2020,California,Decedent's Home,02/01/2020,05/23/2020,121,34141,630,23,31,759,
05/28/2020,California,Hospice Facility,02/01/2020,05/23/2020,,1361,59,,,61,One or more data cells have counts between 1–9 and have been suppressed in accordance with NCHS confidentiality standards.
05/28/2020,California,Nursing Home or Long Term Care Facility,02/01/2020,05/23/2020,314,13073,708,124,22,920,
05/28/2020,California,Other,02/01/2020,05/23/2020,69,8412,164,20,,222,One or more data cells have counts between 1–9 and have been suppressed in accordance with NCHS confidentiality standards.
05/28/2020,California,Place of Death Unknown,02/01/2020,05/23/2020,0,0,0,0,0,0,
05/28/2020,Colorado,"Healthcare Setting, Inpatient",02/01/2020,05/23/2020,581,3291,774,375,45,1022,
05/28/2020,Colorado,"Healthcare Setting, Outpatient or Emergency Room",02/01/2020,05/23/2020,19,543,40,13,,50,One or more data cells have counts between 1–9 and have been suppressed in accordance with NCHS confidentiality standards.
05/28/2020,Colorado,"Healthcare Setting, Dead on Arrival",02/01/2020,05/23/2020,,15,,,0,,One or more data cells have counts between 1–9 and have been suppressed in accordance with NCHS confidentiality standards.
05/28/2020,Colorado,Decedent's Home,02/01/2020,05/23/2020,64,5034,147,28,21,204,
05/28/2020,Colorado,Hospice Facility,02/01/2020,05/23/2020,20,1145,77,14,,87,One or more data cells have counts between 1–9 and have been suppressed in accordance with NCHS confidentiality standards.
05/28/2020,Colorado,Nursing Home or Long Term Care Facility,02/01/2020,05/23/2020,468,3672,365,192,19,658,
05/28/2020,Colorado,Other,02/01/2020,05/23/2020,15,786,19,,0,31,One or more data cells have counts between 1–9 and have been suppressed in accordance with NCHS confidentiality standards.
05/28/2020,Colorado,Place of Death Unknown,02/01/2020,05/23/2020,0,,0,0,0,0,One or more data cells have counts between 1–9 and have been suppressed in accordance with NCHS confidentiality standards.
05/28/2020,Connecticut,"Healthcare Setting, Inpatient",02/01/2020,05/23/2020,742,1976,382,224,41,940,
05/28/2020,Connecticut,"Healthcare Setting, Outpatient or Emergency Room",02/01/2020,05/23/2020,50,298,16,,,64,One or more data cells have counts between 1–9 and have been suppressed in accordance with NCHS confidentiality standards.
05/28/2020,Connecticut,"Healthcare Setting, Dead on Arrival",02/01/2020,05/23/2020,,39,,,0,,One or more data cells have counts between 1–9 and have been suppressed in accordance with NCHS confidentiality standards.
05/28/2020,Connecticut,Decedent's Home,02/01/2020,05/23/2020,35,1059,20,,,56,One or more data cells have counts between 1–9 and have been suppressed in accordance with NCHS confidentiality standards.
05/28/2020,Connecticut,Hospice Facility,02/01/2020,05/23/2020,12,149,,,0,17,One or more data cells have counts between 1–9 and have been suppressed in accordance with NCHS confidentiality standards.
05/28/2020,Connecticut,Nursing Home or Long Term Care Facility,02/01/2020,05/23/2020,473,1163,89,51,,520,One or more data cells have counts between 1–9 and have been suppressed in accordance with NCHS confidentiality standards.
05/28/2020,Connecticut,Other,02/01/2020,05/23/2020,30,175,,,0,32,One or more data cells have counts between 1–9 and have been suppressed in accordance with NCHS confidentiality standards.
05/28/2020,Connecticut,Place of Death Unknown,02/01/2020,05/23/2020,0,450,12,0,,14,One or more data cells have counts between 1–9 and have been suppressed in accordance with NCHS confidentiality standards.
05/28/2020,Delaware,"Healthcare Setting, Inpatient",02/01/2020,05/23/2020,101,629,147,57,,199,One or more data cells have counts between 1–9 and have been suppressed in accordance with NCHS confidentiality standards.
05/28/2020,Delaware,"Healthcare Setting, Outpatient or Emergency Room",02/01/2020,05/23/2020,,124,,,,,One or more data cells have counts between 1–9 and have been suppressed in accordance with NCHS confidentiality standards.
05/28/2020,Delaware,"Healthcare Setting, Dead on Arrival",02/01/2020,05/23/2020,0,,0,0,0,0,One or more data cells have counts between 1–9 and have been suppressed in accordance with NCHS confidentiality standards.
05/28/2020,Delaware,Decedent's Home,02/01/2020,05/23/2020,,1060,,,,17,One or more data cells have counts between 1–9 and have been suppressed in accordance with NCHS confidentiality standards.
05/28/2020,Delaware,Hospice Facility,02/01/2020,05/23/2020,0,262,,0,,11,One or more data cells have counts between 1–9 and have been suppressed in accordance with NCHS confidentiality standards.
05/28/2020,Delaware,Nursing Home or Long Term Care Facility,02/01/2020,05/23/2020,102,543,49,24,,128,One or more data cells have counts between 1–9 and have been suppressed in accordance with NCHS confidentiality standards.
05/28/2020,Delaware,Other,02/01/2020,05/23/2020,,137,,0,0,,One or more data cells have counts between 1–9 and have been suppressed in accordance with NCHS confidentiality standards.
05/28/2020,Delaware,Place of Death Unknown,02/01/2020,05/23/2020,0,0,0,0,0,0,
05/28/2020,District of Columbia,"Healthcare Setting, Inpatient",02/01/2020,05/23/2020,229,1110,352,229,,359,One or more data cells have counts between 1–9 and have been suppressed in accordance with NCHS confidentiality standards.
05/28/2020,District of Columbia,"Healthcare Setting, Outpatient or Emergency Room",02/01/2020,05/23/2020,10,124,12,10,0,12,
05/28/2020,District of Columbia,"Healthcare Setting, Dead on Arrival",02/01/2020,05/23/2020,0,0,0,0,0,0,
05/28/2020,District of Columbia,Decedent's Home,02/01/2020,05/23/2020,12,495,20,12,0,20,
05/28/2020,District of Columbia,Hospice Facility,02/01/2020,05/23/2020,,84,11,,0,11,One or more data cells have counts between 1–9 and have been suppressed in accordance with NCHS confidentiality standards.
05/28/2020,District of Columbia,Nursing Home or Long Term Care Facility,02/01/2020,05/23/2020,20,228,25,20,0,25,
05/28/2020,District of Columbia,Other,02/01/2020,05/23/2020,,126,,,0,,One or more data cells have counts between 1–9 and have been suppressed in accordance with NCHS confidentiality standards.
05/28/2020,District of Columbia,Place of Death Unknown,02/01/2020,05/23/2020,0,,0,0,0,0,One or more data cells have counts between 1–9 and have been suppressed in accordance with NCHS confidentiality standards.
05/28/2020,Florida,"Healthcare Setting, Inpatient",02/01/2020,05/23/2020,1468,18300,3467,803,210,4335,
05/28/2020,Florida,"Healthcare Setting, Outpatient or Emergency Room",02/01/2020,05/23/2020,57,4594,140,22,,184,One or more data cells have counts between 1–9 and have been suppressed in accordance with NCHS confidentiality standards.
05/28/2020,Florida,"Healthcare Setting, Dead on Arrival",02/01/2020,05/23/2020,,69,,0,0,,One or more data cells have counts between 1–9 and have been suppressed in accordance with NCHS confidentiality standards.
05/28/2020,Florida,Decedent's Home,02/01/2020,05/23/2020,64,20540,393,32,28,453,
05/28/2020,Florida,Hospice Facility,02/01/2020,05/23/2020,200,13693,960,90,45,1115,
05/28/2020,Florida,Nursing Home or Long Term Care Facility,02/01/2020,05/23/2020,81,6898,256,16,,325,One or more data cells have counts between 1–9 and have been suppressed in accordance with NCHS confidentiality standards.
05/28/2020,Florida,Other,02/01/2020,05/23/2020,81,7205,259,49,,297,One or more data cells have counts between 1–9 and have been suppressed in accordance with NCHS confidentiality standards.
05/28/2020,Florida,Place of Death Unknown,02/01/2020,05/23/2020,0,0,0,0,0,0,
05/28/2020,Georgia,"Healthcare Setting, Inpatient",02/01/2020,05/23/2020,974,7422,1435,514,81,1976,
05/28/2020,Georgia,"Healthcare Setting, Outpatient or Emergency Room",02/01/2020,05/23/2020,67,2497,90,20,,143,One or more data cells have counts between 1–9 and have been suppressed in accordance with NCHS confidentiality standards.
05/28/2020,Georgia,"Healthcare Setting, Dead on Arrival",02/01/2020,05/23/2020,,252,,,,,One or more data cells have counts between 1–9 and have been suppressed in accordance with NCHS confidentiality standards.
05/28/2020,Georgia,Decedent's Home,02/01/2020,05/23/2020,50,9256,136,14,,179,One or more data cells have counts between 1–9 and have been suppressed in accordance with NCHS confidentiality standards.
05/28/2020,Georgia,Hospice Facility,02/01/2020,05/23/2020,41,2168,185,20,,213,One or more data cells have counts between 1–9 and have been suppressed in accordance with NCHS confidentiality standards.
05/28/2020,Georgia,Nursing Home or Long Term Care Facility,02/01/2020,05/23/2020,198,4142,179,50,,329,One or more data cells have counts between 1–9 and have been suppressed in accordance with NCHS confidentiality standards.
05/28/2020,Georgia,Other,02/01/2020,05/23/2020,,1498,16,,,20,One or more data cells have counts between 1–9 and have been suppressed in accordance with NCHS confidentiality standards.
05/28/2020,Georgia,Place of Death Unknown,02/01/2020,05/23/2020,0,,0,0,0,0,One or more data cells have counts between 1–9 and have been suppressed in accordance with NCHS confidentiality standards.
05/28/2020,Hawaii,"Healthcare Setting, Inpatient",02/01/2020,05/23/2020,15,973,161,,13,183,One or more data cells have counts between 1–9 and have been suppressed in accordance with NCHS confidentiality standards.
05/28/2020,Hawaii,"Healthcare Setting, Outpatient or Emergency Room",02/01/2020,05/23/2020,0,289,11,0,0,11,
05/28/2020,Hawaii,"Healthcare Setting, Dead on Arrival",02/01/2020,05/23/2020,0,148,,0,,,One or more data cells have counts between 1–9 and have been suppressed in accordance with NCHS confidentiality standards.
05/28/2020,Hawaii,Decedent's Home,02/01/2020,05/23/2020,,1288,31,0,,33,One or more data cells have counts between 1–9 and have been suppressed in accordance with NCHS confidentiality standards.
05/28/2020,Hawaii,Hospice Facility,02/01/2020,05/23/2020,0,232,11,0,,12,One or more data cells have counts between 1–9 and have been suppressed in accordance with NCHS confidentiality standards.
05/28/2020,Hawaii,Nursing Home or Long Term Care Facility,02/01/2020,05/23/2020,0,369,21,0,,24,One or more data cells have counts between 1–9 and have been suppressed in accordance with NCHS confidentiality standards.
05/28/2020,Hawaii,Other,02/01/2020,05/23/2020,0,393,,0,,,One or more data cells have counts between 1–9 and have been suppressed in accordance with NCHS confidentiality standards.
05/28/2020,Hawaii,Place of Death Unknown,02/01/2020,05/23/2020,0,0,0,0,0,0,
05/28/2020,Idaho,"Healthcare Setting, Inpatient",02/01/2020,05/23/2020,33,976,125,11,14,161,
05/28/2020,Idaho,"Healthcare Setting, Outpatient or Emergency Room",02/01/2020,05/23/2020,,157,,0,,,One or more data cells have counts between 1–9 and have been suppressed in accordance with NCHS confidentiality standards.
05/28/2020,Idaho,"Healthcare Setting, Dead on Arrival",02/01/2020,05/23/2020,0,,0,0,0,0,One or more data cells have counts between 1–9 and have been suppressed in accordance with NCHS confidentiality standards.
05/28/2020,Idaho,Decedent's Home,02/01/2020,05/23/2020,,1918,45,,,50,One or more data cells have counts between 1–9 and have been suppressed in accordance with NCHS confidentiality standards.
05/28/2020,Idaho,Hospice Facility,02/01/2020,05/23/2020,0,193,,0,,,One or more data cells have counts between 1–9 and have been suppressed in accordance with NCHS confidentiality standards.
05/28/2020,Idaho,Nursing Home or Long Term Care Facility,02/01/2020,05/23/2020,36,1142,57,10,,86,One or more data cells have counts between 1–9 and have been suppressed in accordance with NCHS confidentiality standards.
05/28/2020,Idaho,Other,02/01/2020,05/23/2020,0,204,,0,,,One or more data cells have counts between 1–9 and have been suppressed in accordance with NCHS confidentiality standards.
05/28/2020,Idaho,Place of Death Unknown,02/01/2020,05/23/2020,0,0,0,0,0,0,
05/28/2020,Illinois,"Healthcare Setting, Inpatient",02/01/2020,05/23/2020,2770,12142,3267,1662,115,4487,
05/28/2020,Illinois,"Healthcare Setting, Outpatient or Emergency Room",02/01/2020,05/23/2020,171,2786,166,61,,284,One or more data cells have counts between 1–9 and have been suppressed in accordance with NCHS confidentiality standards.
05/28/2020,Illinois,"Healthcare Setting, Dead on Arrival",02/01/2020,05/23/2020,,80,0,0,0,,One or more data cells have counts between 1–9 and have been suppressed in accordance with NCHS confidentiality standards.
05/28/2020,Illinois,Decedent's Home,02/01/2020,05/23/2020,139,12618,284,18,17,422,
05/28/2020,Illinois,Hospice Facility,02/01/2020,05/23/2020,77,1621,135,42,,179,One or more data cells have counts between 1–9 and have been suppressed in accordance with NCHS confidentiality standards.
05/28/2020,Illinois,Nursing Home or Long Term Care Facility,02/01/2020,05/23/2020,487,8040,495,133,24,873,
05/28/2020,Illinois,Other,02/01/2020,05/23/2020,75,2520,77,19,,136,One or more data cells have counts between 1–9 and have been suppressed in accordance with NCHS confidentiality standards.
05/28/2020,Illinois,Place of Death Unknown,02/01/2020,05/23/2020,0,0,0,0,0,0,
05/28/2020,Indiana,"Healthcare Setting, Inpatient",02/01/2020,05/23/2020,890,6437,1507,524,85,1955,
05/28/2020,Indiana,"Healthcare Setting, Outpatient or Emergency Room",02/01/2020,05/23/2020,23,862,41,,,61,One or more data cells have counts between 1–9 and have been suppressed in accordance with NCHS confidentiality standards.
05/28/2020,Indiana,"Healthcare Setting, Dead on Arrival",02/01/2020,05/23/2020,0,,0,0,0,0,One or more data cells have counts between 1–9 and have been suppressed in accordance with NCHS confidentiality standards.
05/28/2020,Indiana,Decedent's Home,02/01/2020,05/23/2020,50,7239,188,11,10,237,
05/28/2020,Indiana,Hospice Facility,02/01/2020,05/23/2020,10,979,73,,,82,One or more data cells have counts between 1–9 and have been suppressed in accordance with NCHS confidentiality standards.
05/28/2020,Indiana,Nursing Home or Long Term Care Facility,02/01/2020,05/23/2020,559,6239,434,123,19,889,
05/28/2020,Indiana,Other,02/01/2020,05/23/2020,,859,19,,,28,One or more data cells have counts between 1–9 and have been suppressed in accordance with NCHS confidentiality standards.
05/28/2020,Indiana,Place of Death Unknown,02/01/2020,05/23/2020,0,,0,0,0,0,One or more data cells have counts between 1–9 and have been suppressed in accordance with NCHS confidentiality standards.
05/28/2020,Iowa,"Healthcare Setting, Inpatient",02/01/2020,05/23/2020,149,2263,371,60,41,501,
05/28/2020,Iowa,"Healthcare Setting, Outpatient or Emergency Room",02/01/2020,05/23/2020,,443,20,0,,27,One or more data cells have counts between 1–9 and have been suppressed in accordance with NCHS confidentiality standards.
05/28/2020,Iowa,"Healthcare Setting, Dead on Arrival",02/01/2020,05/23/2020,0,14,0,0,,,One or more data cells have counts between 1–9 and have been suppressed in accordance with NCHS confidentiality standards.
05/28/2020,Iowa,Decedent's Home,02/01/2020,05/23/2020,11,2620,67,,,84,One or more data cells have counts between 1–9 and have been suppressed in accordance with NCHS confidentiality standards.
05/28/2020,Iowa,Hospice Facility,02/01/2020,05/23/2020,,909,74,,,85,One or more data cells have counts between 1–9 and have been suppressed in accordance with NCHS confidentiality standards.
05/28/2020,Iowa,Nursing Home or Long Term Care Facility,02/01/2020,05/23/2020,148,3259,159,11,22,318,
05/28/2020,Iowa,Other,02/01/2020,05/23/2020,,218,,,0,,One or more data cells have counts between 1–9 and have been suppressed in accordance with NCHS confidentiality standards.
05/28/2020,Iowa,Place of Death Unknown,02/01/2020,05/23/2020,,,0,0,0,,One or more data cells have counts between 1–9 and have been suppressed in accordance with NCHS confidentiality standards.
05/28/2020,Kansas,"Healthcare Setting, Inpatient",02/01/2020,05/23/2020,115,2124,381,61,50,485,
05/28/2020,Kansas,"Healthcare Setting, Outpatient or Emergency Room",02/01/2020,05/23/2020,,355,16,,,23,One or more data cells have counts between 1–9 and have been suppressed in accordance with NCHS confidentiality standards.
05/28/2020,Kansas,"Healthcare Setting, Dead on Arrival",02/01/2020,05/23/2020,0,,0,0,0,0,One or more data cells have counts between 1–9 and have been suppressed in accordance with NCHS confidentiality standards.
05/28/2020,Kansas,Decedent's Home,02/01/2020,05/23/2020,,2710,61,0,12,82,One or more data cells have counts between 1–9 and have been suppressed in accordance with NCHS confidentiality standards.
05/28/2020,Kansas,Hospice Facility,02/01/2020,05/23/2020,,507,39,0,,46,One or more data cells have counts between 1–9 and have been suppressed in accordance with NCHS confidentiality standards.
05/28/2020,Kansas,Nursing Home or Long Term Care Facility,02/01/2020,05/23/2020,39,2414,101,11,18,147,
05/28/2020,Kansas,Other,02/01/2020,05/23/2020,,442,,0,0,,One or more data cells have counts between 1–9 and have been suppressed in accordance with NCHS confidentiality standards.
05/28/2020,Kansas,Place of Death Unknown,02/01/2020,05/23/2020,0,0,0,0,0,0,
05/28/2020,Kentucky,"Healthcare Setting, Inpatient",02/01/2020,05/23/2020,222,4238,924,139,66,1072,
05/28/2020,Kentucky,"Healthcare Setting, Outpatient or Emergency Room",02/01/2020,05/23/2020,10,1042,35,,,43,One or more data cells have counts between 1–9 and have been suppressed in accordance with NCHS confidentiality standards.
05/28/2020,Kentucky,"Healthcare Setting, Dead on Arrival",02/01/2020,05/23/2020,0,19,0,0,0,0,
05/28/2020,Kentucky,Decedent's Home,02/01/2020,05/23/2020,,4822,125,,14,143,One or more data cells have counts between 1–9 and have been suppressed in accordance with NCHS confidentiality standards.
05/28/2020,Kentucky,Hospice Facility,02/01/2020,05/23/2020,23,1260,69,,10,99,One or more data cells have counts between 1–9 and have been suppressed in accordance with NCHS confidentiality standards.
05/28/2020,Kentucky,Nursing Home or Long Term Care Facility,02/01/2020,05/23/2020,39,2249,132,,,164,One or more data cells have counts between 1–9 and have been suppressed in accordance with NCHS confidentiality standards.
05/28/2020,Kentucky,Other,02/01/2020,05/23/2020,0,552,14,0,0,14,
05/28/2020,Kentucky,Place of Death Unknown,02/01/2020,05/23/2020,0,0,0,0,0,0,
05/28/2020,Louisiana,"Healthcare Setting, Inpatient",02/01/2020,05/23/2020,1422,4912,1093,663,54,1902,
05/28/2020,Louisiana,"Healthcare Setting, Outpatient or Emergency Room",02/01/2020,05/23/2020,74,970,73,34,,115,One or more data cells have counts between 1–9 and have been suppressed in accordance with NCHS confidentiality standards.
05/28/2020,Louisiana,"Healthcare Setting, Dead on Arrival",02/01/2020,05/23/2020,,11,0,0,0,,One or more data cells have counts between 1–9 and have been suppressed in accordance with NCHS confidentiality standards.
05/28/2020,Louisiana,Decedent's Home,02/01/2020,05/23/2020,98,5549,108,36,,179,One or more data cells have counts between 1–9 and have been suppressed in accordance with NCHS confidentiality standards.
05/28/2020,Louisiana,Hospice Facility,02/01/2020,05/23/2020,74,784,58,34,,100,One or more data cells have counts between 1–9 and have been suppressed in accordance with NCHS confidentiality standards.
05/28/2020,Louisiana,Nursing Home or Long Term Care Facility,02/01/2020,05/23/2020,228,2799,171,88,,312,One or more data cells have counts between 1–9 and have been suppressed in accordance with NCHS confidentiality standards.
05/28/2020,Louisiana,Other,02/01/2020,05/23/2020,19,786,22,,,34,One or more data cells have counts between 1–9 and have been suppressed in accordance with NCHS confidentiality standards.
05/28/2020,Louisiana,Place of Death Unknown,02/01/2020,05/23/2020,0,0,0,0,0,0,
05/28/2020,Maine,"Healthcare Setting, Inpatient",02/01/2020,05/23/2020,32,1072,208,12,22,250,
05/28/2020,Maine,"Healthcare Setting, Outpatient or Emergency Room",02/01/2020,05/23/2020,,148,,0,,10,One or more data cells have counts between 1–9 and have been suppressed in accordance with NCHS confidentiality standards.
05/28/2020,Maine,"Healthcare Setting, Dead on Arrival",02/01/2020,05/23/2020,0,,0,0,0,0,One or more data cells have counts between 1–9 and have been suppressed in accordance with NCHS confidentiality standards.
05/28/2020,Maine,Decedent's Home,02/01/2020,05/23/2020,,1691,48,,,55,One or more data cells have counts between 1–9 and have been suppressed in accordance with NCHS confidentiality standards.
05/28/2020,Maine,Hospice Facility,02/01/2020,05/23/2020,0,542,17,0,,19,One or more data cells have counts between 1–9 and have been suppressed in accordance with NCHS confidentiality standards.
05/28/2020,Maine,Nursing Home or Long Term Care Facility,02/01/2020,05/23/2020,36,1155,85,,,122,One or more data cells have counts between 1–9 and have been suppressed in accordance with NCHS confidentiality standards.
05/28/2020,Maine,Other,02/01/2020,05/23/2020,0,239,,0,0,,One or more data cells have counts between 1–9 and have been suppressed in accordance with NCHS confidentiality standards.
05/28/2020,Maine,Place of Death Unknown,02/01/2020,05/23/2020,0,0,0,0,0,0,
05/28/2020,Maryland,"Healthcare Setting, Inpatient",02/01/2020,05/23/2020,1129,4862,1253,559,88,1898,
05/28/2020,Maryland,"Healthcare Setting, Outpatient or Emergency Room",02/01/2020,05/23/2020,85,1191,63,13,,136,One or more data cells have counts between 1–9 and have been suppressed in accordance with NCHS confidentiality standards.
05/28/2020,Maryland,"Healthcare Setting, Dead on Arrival",02/01/2020,05/23/2020,,22,,0,0,,One or more data cells have counts between 1–9 and have been suppressed in accordance with NCHS confidentiality standards.
05/28/2020,Maryland,Decedent's Home,02/01/2020,05/23/2020,71,5808,119,10,,188,One or more data cells have counts between 1–9 and have been suppressed in accordance with NCHS confidentiality standards.
05/28/2020,Maryland,Hospice Facility,02/01/2020,05/23/2020,133,1974,212,39,12,317,
05/28/2020,Maryland,Nursing Home or Long Term Care Facility,02/01/2020,05/23/2020,497,3272,241,90,12,658,
05/28/2020,Maryland,Other,02/01/2020,05/23/2020,65,1754,49,11,,104,One or more data cells have counts between 1–9 and have been suppressed in accordance with NCHS confidentiality standards.
05/28/2020,Maryland,Place of Death Unknown,02/01/2020,05/23/2020,0,0,0,0,0,0,
05/28/2020,Massachusetts,"Healthcare Setting, Inpatient",02/01/2020,05/23/2020,2683,8066,2420,1388,112,3825,
05/28/2020,Massachusetts,"Healthcare Setting, Outpatient or Emergency Room",02/01/2020,05/23/2020,121,1556,100,29,,197,One or more data cells have counts between 1–9 and have been suppressed in accordance with NCHS confidentiality standards.
05/28/2020,Massachusetts,"Healthcare Setting, Dead on Arrival",02/01/2020,05/23/2020,,136,0,0,0,,One or more data cells have counts between 1–9 and have been suppressed in accordance with NCHS confidentiality standards.
05/28/2020,Massachusetts,Decedent's Home,02/01/2020,05/23/2020,123,6132,181,32,14,285,
05/28/2020,Massachusetts,Hospice Facility,02/01/2020,05/23/2020,18,1046,63,13,11,79,
05/28/2020,Massachusetts,Nursing Home or Long Term Care Facility,02/01/2020,05/23/2020,2401,7102,796,486,13,2722,
05/28/2020,Massachusetts,Other,02/01/2020,05/23/2020,156,1392,55,26,,186,One or more data cells have counts between 1–9 and have been suppressed in accordance with NCHS confidentiality standards.
05/28/2020,Massachusetts,Place of Death Unknown,02/01/2020,05/23/2020,0,,,0,0,,One or more data cells have counts between 1–9 and have been suppressed in accordance with NCHS confidentiality standards.
05/28/2020,Michigan,"Healthcare Setting, Inpatient",02/01/2020,05/23/2020,3051,10899,3127,1768,172,4579,
05/28/2020,Michigan,"Healthcare Setting, Outpatient or Emergency Room",02/01/2020,05/23/2020,169,1806,152,69,12,264,
05/28/2020,Michigan,"Healthcare Setting, Dead on Arrival",02/01/2020,05/23/2020,,44,,,0,,One or more data cells have counts between 1–9 and have been suppressed in accordance with NCHS confidentiality standards.
05/28/2020,Michigan,Decedent's Home,02/01/2020,05/23/2020,180,12209,234,47,16,383,
05/28/2020,Michigan,Hospice Facility,02/01/2020,05/23/2020,88,2869,100,24,,167,One or more data cells have counts between 1–9 and have been suppressed in accordance with NCHS confidentiality standards.
05/28/2020,Michigan,Nursing Home or Long Term Care Facility,02/01/2020,05/23/2020,459,6327,374,92,26,766,
05/28/2020,Michigan,Other,02/01/2020,05/23/2020,29,943,31,11,,52,One or more data cells have counts between 1–9 and have been suppressed in accordance with NCHS confidentiality standards.
05/28/2020,Michigan,Place of Death Unknown,02/01/2020,05/23/2020,,,,,0,,One or more data cells have counts between 1–9 and have been suppressed in accordance with NCHS confidentiality standards.
05/28/2020,Minnesota,"Healthcare Setting, Inpatient",02/01/2020,05/23/2020,251,3409,617,126,76,817,
05/28/2020,Minnesota,"Healthcare Setting, Outpatient or Emergency Room",02/01/2020,05/23/2020,,489,26,,,33,One or more data cells have counts between 1–9 and have been suppressed in accordance with NCHS confidentiality standards.
05/28/2020,Minnesota,"Healthcare Setting, Dead on Arrival",02/01/2020,05/23/2020,0,10,0,0,0,0,
05/28/2020,Minnesota,Decedent's Home,02/01/2020,05/23/2020,38,4798,144,11,11,182,
05/28/2020,Minnesota,Hospice Facility,02/01/2020,05/23/2020,,549,17,0,,22,One or more data cells have counts between 1–9 and have been suppressed in accordance with NCHS confidentiality standards.
05/28/2020,Minnesota,Nursing Home or Long Term Care Facility,02/01/2020,05/23/2020,445,5312,359,91,25,738,
05/28/2020,Minnesota,Other,02/01/2020,05/23/2020,11,699,17,,,28,One or more data cells have counts between 1–9 and have been suppressed in accordance with NCHS confidentiality standards.
05/28/2020,Minnesota,Place of Death Unknown,02/01/2020,05/23/2020,0,,0,0,0,0,One or more data cells have counts between 1–9 and have been suppressed in accordance with NCHS confidentiality standards.
05/28/2020,Mississippi,"Healthcare Setting, Inpatient",02/01/2020,05/23/2020,362,3238,790,194,36,994,
05/28/2020,Mississippi,"Healthcare Setting, Outpatient or Emergency Room",02/01/2020,05/23/2020,24,937,54,,,75,One or more data cells have counts between 1–9 and have been suppressed in accordance with NCHS confidentiality standards.
05/28/2020,Mississippi,"Healthcare Setting, Dead on Arrival",02/01/2020,05/23/2020,0,21,0,0,0,0,
05/28/2020,Mississippi,Decedent's Home,02/01/2020,05/23/2020,23,3810,68,,,99,One or more data cells have counts between 1–9 and have been suppressed in accordance with NCHS confidentiality standards.
05/28/2020,Mississippi,Hospice Facility,02/01/2020,05/23/2020,0,563,37,0,,38,One or more data cells have counts between 1–9 and have been suppressed in accordance with NCHS confidentiality standards.
05/28/2020,Mississippi,Nursing Home or Long Term Care Facility,02/01/2020,05/23/2020,73,1559,83,15,,142,One or more data cells have counts between 1–9 and have been suppressed in accordance with NCHS confidentiality standards.
05/28/2020,Mississippi,Other,02/01/2020,05/23/2020,,631,,0,0,,One or more data cells have counts between 1–9 and have been suppressed in accordance with NCHS confidentiality standards.
05/28/2020,Mississippi,Place of Death Unknown,02/01/2020,05/23/2020,0,,0,0,0,0,One or more data cells have counts between 1–9 and have been suppressed in accordance with NCHS confidentiality standards.
05/28/2020,Missouri,"Healthcare Setting, Inpatient",02/01/2020,05/23/2020,403,5718,918,162,116,1275,
05/28/2020,Missouri,"Healthcare Setting, Outpatient or Emergency Room",02/01/2020,05/23/2020,11,1122,41,,,58,One or more data cells have counts between 1–9 and have been suppressed in accordance with NCHS confidentiality standards.
05/28/2020,Missouri,"Healthcare Setting, Dead on Arrival",02/01/2020,05/23/2020,0,17,0,0,,,One or more data cells have counts between 1–9 and have been suppressed in accordance with NCHS confidentiality standards.
05/28/2020,Missouri,Decedent's Home,02/01/2020,05/23/2020,20,6740,110,,13,137,One or more data cells have counts between 1–9 and have been suppressed in accordance with NCHS confidentiality standards.
05/28/2020,Missouri,Hospice Facility,02/01/2020,05/23/2020,0,870,28,0,12,40,
05/28/2020,Missouri,Nursing Home or Long Term Care Facility,02/01/2020,05/23/2020,110,5115,223,18,17,332,
05/28/2020,Missouri,Other,02/01/2020,05/23/2020,,765,11,,,17,One or more data cells have counts between 1–9 and have been suppressed in accordance with NCHS confidentiality standards.
05/28/2020,Missouri,Place of Death Unknown,02/01/2020,05/23/2020,0,0,0,0,0,0,
05/28/2020,Montana,"Healthcare Setting, Inpatient",02/01/2020,05/23/2020,13,822,111,,19,140,One or more data cells have counts between 1–9 and have been suppressed in accordance with NCHS confidentiality standards.
05/28/2020,Montana,"Healthcare Setting, Outpatient or Emergency Room",02/01/2020,05/23/2020,0,94,,0,0,,One or more data cells have counts between 1–9 and have been suppressed in accordance with NCHS confidentiality standards.
05/28/2020,Montana,"Healthcare Setting, Dead on Arrival",02/01/2020,05/23/2020,0,,0,0,0,0,One or more data cells have counts between 1–9 and have been suppressed in accordance with NCHS confidentiality standards.
05/28/2020,Montana,Decedent's Home,02/01/2020,05/23/2020,0,1101,16,0,,17,One or more data cells have counts between 1–9 and have been suppressed in accordance with NCHS confidentiality standards.
05/28/2020,Montana,Hospice Facility,02/01/2020,05/23/2020,0,120,,0,,,One or more data cells have counts between 1–9 and have been suppressed in accordance with NCHS confidentiality standards.
05/28/2020,Montana,Nursing Home or Long Term Care Facility,02/01/2020,05/23/2020,,822,28,0,12,43,One or more data cells have counts between 1–9 and have been suppressed in accordance with NCHS confidentiality standards.
05/28/2020,Montana,Other,02/01/2020,05/23/2020,0,125,,0,0,,One or more data cells have counts between 1–9 and have been suppressed in accordance with NCHS confidentiality standards.
05/28/2020,Montana,Place of Death Unknown,02/01/2020,05/23/2020,0,0,0,0,0,0,
05/28/2020,Nebraska,"Healthcare Setting, Inpatient",02/01/2020,05/23/2020,59,1354,244,24,17,296,
05/28/2020,Nebraska,"Healthcare Setting, Outpatient or Emergency Room",02/01/2020,05/23/2020,,287,16,0,,21,One or more data cells have counts between 1–9 and have been suppressed in accordance with NCHS confidentiality standards.
05/28/2020,Nebraska,"Healthcare Setting, Dead on Arrival",02/01/2020,05/23/2020,0,,0,0,0,0,One or more data cells have counts between 1–9 and have been suppressed in accordance with NCHS confidentiality standards.
05/28/2020,Nebraska,Decedent's Home,02/01/2020,05/23/2020,,1424,48,0,,56,One or more data cells have counts between 1–9 and have been suppressed in accordance with NCHS confidentiality standards.
05/28/2020,Nebraska,Hospice Facility,02/01/2020,05/23/2020,0,136,,0,,,One or more data cells have counts between 1–9 and have been suppressed in accordance with NCHS confidentiality standards.
05/28/2020,Nebraska,Nursing Home or Long Term Care Facility,02/01/2020,05/23/2020,28,1460,74,,,100,One or more data cells have counts between 1–9 and have been suppressed in accordance with NCHS confidentiality standards.
05/28/2020,Nebraska,Other,02/01/2020,05/23/2020,,529,14,,,19,One or more data cells have counts between 1–9 and have been suppressed in accordance with NCHS confidentiality standards.
05/28/2020,Nebraska,Place of Death Unknown,02/01/2020,05/23/2020,0,0,0,0,0,0,
05/28/2020,Nevada,"Healthcare Setting, Inpatient",02/01/2020,05/23/2020,236,2624,610,179,26,693,
05/28/2020,Nevada,"Healthcare Setting, Outpatient or Emergency Room",02/01/2020,05/23/2020,13,709,31,,,40,One or more data cells have counts between 1–9 and have been suppressed in accordance with NCHS confidentiality standards.
05/28/2020,Nevada,"Healthcare Setting, Dead on Arrival",02/01/2020,05/23/2020,0,0,0,0,0,0,
05/28/2020,Nevada,Decedent's Home,02/01/2020,05/23/2020,10,2906,37,,,51,One or more data cells have counts between 1–9 and have been suppressed in accordance with NCHS confidentiality standards.
05/28/2020,Nevada,Hospice Facility,02/01/2020,05/23/2020,39,1544,65,31,,75,One or more data cells have counts between 1–9 and have been suppressed in accordance with NCHS confidentiality standards.
05/28/2020,Nevada,Nursing Home or Long Term Care Facility,02/01/2020,05/23/2020,10,244,18,,0,21,One or more data cells have counts between 1–9 and have been suppressed in accordance with NCHS confidentiality standards.
05/28/2020,Nevada,Other,02/01/2020,05/23/2020,,451,20,,0,23,One or more data cells have counts between 1–9 and have been suppressed in accordance with NCHS confidentiality standards.
05/28/2020,Nevada,Place of Death Unknown,02/01/2020,05/23/2020,0,0,0,0,0,0,
05/28/2020,New Hampshire,"Healthcare Setting, Inpatient",02/01/2020,05/23/2020,69,1033,193,48,27,240,
05/28/2020,New Hampshire,"Healthcare Setting, Outpatient or Emergency Room",02/01/2020,05/23/2020,,172,,0,,11,One or more data cells have counts between 1–9 and have been suppressed in accordance with NCHS confidentiality standards.
05/28/2020,New Hampshire,"Healthcare Setting, Dead on Arrival",02/01/2020,05/23/2020,0,,0,0,0,0,One or more data cells have counts between 1–9 and have been suppressed in accordance with NCHS confidentiality standards.
05/28/2020,New Hampshire,Decedent's Home,02/01/2020,05/23/2020,,1467,28,0,,33,One or more data cells have counts between 1–9 and have been suppressed in accordance with NCHS confidentiality standards.
05/28/2020,New Hampshire,Hospice Facility,02/01/2020,05/23/2020,,179,,0,0,10,One or more data cells have counts between 1–9 and have been suppressed in accordance with NCHS confidentiality standards.
05/28/2020,New Hampshire,Nursing Home or Long Term Care Facility,02/01/2020,05/23/2020,100,1138,76,11,,166,One or more data cells have counts between 1–9 and have been suppressed in accordance with NCHS confidentiality standards.
05/28/2020,New Hampshire,Other,02/01/2020,05/23/2020,,245,,,0,14,One or more data cells have counts between 1–9 and have been suppressed in accordance with NCHS confidentiality standards.
05/28/2020,New Hampshire,Place of Death Unknown,02/01/2020,05/23/2020,0,,0,0,0,0,One or more data cells have counts between 1–9 and have been suppressed in accordance with NCHS confidentiality standards.
05/28/2020,New Jersey,"Healthcare Setting, Inpatient",02/01/2020,05/23/2020,6494,13901,5007,3782,82,7792,
05/28/2020,New Jersey,"Healthcare Setting, Outpatient or Emergency Room",02/01/2020,05/23/2020,343,1815,199,114,,430,One or more data cells have counts between 1–9 and have been suppressed in accordance with NCHS confidentiality standards.
05/28/2020,New Jersey,"Healthcare Setting, Dead on Arrival",02/01/2020,05/23/2020,18,128,,,0,23,One or more data cells have counts between 1–9 and have been suppressed in accordance with NCHS confidentiality standards.
05/28/2020,New Jersey,Decedent's Home,02/01/2020,05/23/2020,459,9435,245,95,10,617,
05/28/2020,New Jersey,Hospice Facility,02/01/2020,05/23/2020,140,1132,88,52,,179,One or more data cells have counts between 1–9 and have been suppressed in accordance with NCHS confidentiality standards.
05/28/2020,New Jersey,Nursing Home or Long Term Care Facility,02/01/2020,05/23/2020,2794,9589,1459,1001,14,3265,
05/28/2020,New Jersey,Other,02/01/2020,05/23/2020,146,1496,80,52,,177,One or more data cells have counts between 1–9 and have been suppressed in accordance with NCHS confidentiality standards.
05/28/2020,New Jersey,Place of Death Unknown,02/01/2020,05/23/2020,0,0,0,0,0,0,
05/28/2020,New Mexico,"Healthcare Setting, Inpatient",02/01/2020,05/23/2020,137,1373,301,76,15,377,
05/28/2020,New Mexico,"Healthcare Setting, Outpatient or Emergency Room",02/01/2020,05/23/2020,,225,,,,12,One or more data cells have counts between 1–9 and have been suppressed in accordance with NCHS confidentiality standards.
05/28/2020,New Mexico,"Healthcare Setting, Dead on Arrival",02/01/2020,05/23/2020,0,,0,0,0,0,One or more data cells have counts between 1–9 and have been suppressed in accordance with NCHS confidentiality standards.
05/28/2020,New Mexico,Decedent's Home,02/01/2020,05/23/2020,,2493,53,,10,66,One or more data cells have counts between 1–9 and have been suppressed in accordance with NCHS confidentiality standards.
05/28/2020,New Mexico,Hospice Facility,02/01/2020,05/23/2020,0,194,18,0,0,18,
05/28/2020,New Mexico,Nursing Home or Long Term Care Facility,02/01/2020,05/23/2020,74,1049,57,11,0,120,
05/28/2020,New Mexico,Other,02/01/2020,05/23/2020,,477,,,0,,One or more data cells have counts between 1–9 and have been suppressed in accordance with NCHS confidentiality standards.
05/28/2020,New Mexico,Place of Death Unknown,02/01/2020,05/23/2020,0,0,0,0,0,0,
05/28/2020,New York,"Healthcare Setting, Inpatient",02/01/2020,05/23/2020,5479,14371,5020,3264,115,7348,
05/28/2020,New York,"Healthcare Setting, Outpatient or Emergency Room",02/01/2020,05/23/2020,261,2200,206,93,,378,One or more data cells have counts between 1–9 and have been suppressed in accordance with NCHS confidentiality standards.
05/28/2020,New York,"Healthcare Setting, Dead on Arrival",02/01/2020,05/23/2020,18,173,,,,19,One or more data cells have counts between 1–9 and have been suppressed in accordance with NCHS confidentiality standards.
05/28/2020,New York,Decedent's Home,02/01/2020,05/23/2020,390,11787,357,110,32,660,
05/28/2020,New York,Hospice Facility,02/01/2020,05/23/2020,308,2567,366,219,16,467,
05/28/2020,New York,Nursing Home or Long Term Care Facility,02/01/2020,05/23/2020,2263,11114,1435,693,30,3033,
05/28/2020,New York,Other,02/01/2020,05/23/2020,124,1071,52,29,,149,One or more data cells have counts between 1–9 and have been suppressed in accordance with NCHS confidentiality standards.
05/28/2020,New York,Place of Death Unknown,02/01/2020,05/23/2020,,23,,,0,,One or more data cells have counts between 1–9 and have been suppressed in accordance with NCHS confidentiality standards.
05/28/2020,New York City,"Healthcare Setting, Inpatient",02/01/2020,05/23/2020,12719,20852,7282,5677,89,14408,
05/28/2020,New York City,"Healthcare Setting, Outpatient or Emergency Room",02/01/2020,05/23/2020,1231,3163,714,472,10,1481,
05/28/2020,New York City,"Healthcare Setting, Dead on Arrival",02/01/2020,05/23/2020,23,189,13,,,29,One or more data cells have counts between 1–9 and have been suppressed in accordance with NCHS confidentiality standards.
05/28/2020,New York City,Decedent's Home,02/01/2020,05/23/2020,1731,9544,133,75,816,1816,
05/28/2020,New York City,Hospice Facility,02/01/2020,05/23/2020,,264,25,,,30,One or more data cells have counts between 1–9 and have been suppressed in accordance with NCHS confidentiality standards.
05/28/2020,New York City,Nursing Home or Long Term Care Facility,02/01/2020,05/23/2020,2028,7203,893,662,,2264,One or more data cells have counts between 1–9 and have been suppressed in accordance with NCHS confidentiality standards.
05/28/2020,New York City,Other,02/01/2020,05/23/2020,44,506,10,,14,50,One or more data cells have counts between 1–9 and have been suppressed in accordance with NCHS confidentiality standards.
05/28/2020,New York City,Place of Death Unknown,02/01/2020,05/23/2020,0,,0,0,0,0,One or more data cells have counts between 1–9 and have been suppressed in accordance with NCHS confidentiality standards.
05/28/2020,North Carolina,"Healthcare Setting, Inpatient",02/01/2020,05/23/2020,224,5231,843,108,152,1111,
05/28/2020,North Carolina,"Healthcare Setting, Outpatient or Emergency Room",02/01/2020,05/23/2020,10,873,28,,,44,One or more data cells have counts between 1–9 and have been suppressed in accordance with NCHS confidentiality standards.
05/28/2020,North Carolina,"Healthcare Setting, Dead on Arrival",02/01/2020,05/23/2020,0,92,,0,0,,One or more data cells have counts between 1–9 and have been suppressed in accordance with NCHS confidentiality standards.
05/28/2020,North Carolina,Decedent's Home,02/01/2020,05/23/2020,10,5935,81,,16,105,One or more data cells have counts between 1–9 and have been suppressed in accordance with NCHS confidentiality standards.
05/28/2020,North Carolina,Hospice Facility,02/01/2020,05/23/2020,,2905,149,,11,161,One or more data cells have counts between 1–9 and have been suppressed in accordance with NCHS confidentiality standards.
05/28/2020,North Carolina,Nursing Home or Long Term Care Facility,02/01/2020,05/23/2020,74,3375,189,13,14,264,
05/28/2020,North Carolina,Other,02/01/2020,05/23/2020,,1045,17,,,21,One or more data cells have counts between 1–9 and have been suppressed in accordance with NCHS confidentiality standards.
05/28/2020,North Carolina,Place of Death Unknown,02/01/2020,05/23/2020,,35,,,0,,One or more data cells have counts between 1–9 and have been suppressed in accordance with NCHS confidentiality standards.
05/28/2020,North Dakota,"Healthcare Setting, Inpatient",02/01/2020,05/23/2020,17,698,114,11,17,137,
05/28/2020,North Dakota,"Healthcare Setting, Outpatient or Emergency Room",02/01/2020,05/23/2020,0,67,,0,0,,One or more data cells have counts between 1–9 and have been suppressed in accordance with NCHS confidentiality standards.
05/28/2020,North Dakota,"Healthcare Setting, Dead on Arrival",02/01/2020,05/23/2020,0,,0,0,0,0,One or more data cells have counts between 1–9 and have been suppressed in accordance with NCHS confidentiality standards.
05/28/2020,North Dakota,Decedent's Home,02/01/2020,05/23/2020,0,383,,0,0,,One or more data cells have counts between 1–9 and have been suppressed in accordance with NCHS confidentiality standards.
05/28/2020,North Dakota,Hospice Facility,02/01/2020,05/23/2020,0,11,0,0,0,0,
05/28/2020,North Dakota,Nursing Home or Long Term Care Facility,02/01/2020,05/23/2020,15,654,46,,,62,One or more data cells have counts between 1–9 and have been suppressed in accordance with NCHS confidentiality standards.
05/28/2020,North Dakota,Other,02/01/2020,05/23/2020,0,57,0,0,0,0,
05/28/2020,North Dakota,Place of Death Unknown,02/01/2020,05/23/2020,0,0,0,0,0,0,
05/28/2020,Ohio,"Healthcare Setting, Inpatient",02/01/2020,05/23/2020,633,8827,1395,342,159,1845,
05/28/2020,Ohio,"Healthcare Setting, Outpatient or Emergency Room",02/01/2020,05/23/2020,19,2276,78,,,100,One or more data cells have counts between 1–9 and have been suppressed in accordance with NCHS confidentiality standards.
05/28/2020,Ohio,"Healthcare Setting, Dead on Arrival",02/01/2020,05/23/2020,,86,,,0,,One or more data cells have counts between 1–9 and have been suppressed in accordance with NCHS confidentiality standards.
05/28/2020,Ohio,Decedent's Home,02/01/2020,05/23/2020,38,11000,194,15,33,250,
05/28/2020,Ohio,Hospice Facility,02/01/2020,05/23/2020,67,3565,225,35,20,277,
05/28/2020,Ohio,Nursing Home or Long Term Care Facility,02/01/2020,05/23/2020,428,9839,509,108,27,855,
05/28/2020,Ohio,Other,02/01/2020,05/23/2020,21,1575,26,,,46,One or more data cells have counts between 1–9 and have been suppressed in accordance with NCHS confidentiality standards.
05/28/2020,Ohio,Place of Death Unknown,02/01/2020,05/23/2020,,14,,0,0,,One or more data cells have counts between 1–9 and have been suppressed in accordance with NCHS confidentiality standards.
05/28/2020,Oklahoma,"Healthcare Setting, Inpatient",02/01/2020,05/23/2020,160,3209,743,81,80,899,
05/28/2020,Oklahoma,"Healthcare Setting, Outpatient or Emergency Room",02/01/2020,05/23/2020,,903,34,0,,45,One or more data cells have counts between 1–9 and have been suppressed in accordance with NCHS confidentiality standards.
05/28/2020,Oklahoma,"Healthcare Setting, Dead on Arrival",02/01/2020,05/23/2020,0,,0,0,0,0,One or more data cells have counts between 1–9 and have been suppressed in accordance with NCHS confidentiality standards.
05/28/2020,Oklahoma,Decedent's Home,02/01/2020,05/23/2020,,3988,106,,,122,One or more data cells have counts between 1–9 and have been suppressed in accordance with NCHS confidentiality standards.
05/28/2020,Oklahoma,Hospice Facility,02/01/2020,05/23/2020,0,374,35,0,,39,One or more data cells have counts between 1–9 and have been suppressed in accordance with NCHS confidentiality standards.
05/28/2020,Oklahoma,Nursing Home or Long Term Care Facility,02/01/2020,05/23/2020,47,2132,110,11,,148,One or more data cells have counts between 1–9 and have been suppressed in accordance with NCHS confidentiality standards.
05/28/2020,Oklahoma,Other,02/01/2020,05/23/2020,,656,,0,,11,One or more data cells have counts between 1–9 and have been suppressed in accordance with NCHS confidentiality standards.
05/28/2020,Oklahoma,Place of Death Unknown,02/01/2020,05/23/2020,0,0,0,0,0,0,
05/28/2020,Oregon,"Healthcare Setting, Inpatient",02/01/2020,05/23/2020,88,2592,381,42,39,466,
05/28/2020,Oregon,"Healthcare Setting, Outpatient or Emergency Room",02/01/2020,05/23/2020,,449,14,,,21,One or more data cells have counts between 1–9 and have been suppressed in accordance with NCHS confidentiality standards.
05/28/2020,Oregon,"Healthcare Setting, Dead on Arrival",02/01/2020,05/23/2020,0,,,0,0,,One or more data cells have counts between 1–9 and have been suppressed in accordance with NCHS confidentiality standards.
05/28/2020,Oregon,Decedent's Home,02/01/2020,05/23/2020,13,4819,84,,10,103,One or more data cells have counts between 1–9 and have been suppressed in accordance with NCHS confidentiality standards.
05/28/2020,Oregon,Hospice Facility,02/01/2020,05/23/2020,0,301,,0,,,One or more data cells have counts between 1–9 and have been suppressed in accordance with NCHS confidentiality standards.
05/28/2020,Oregon,Nursing Home or Long Term Care Facility,02/01/2020,05/23/2020,41,2185,97,12,,134,One or more data cells have counts between 1–9 and have been suppressed in accordance with NCHS confidentiality standards.
05/28/2020,Oregon,Other,02/01/2020,05/23/2020,,967,21,0,,26,One or more data cells have counts between 1–9 and have been suppressed in accordance with NCHS confidentiality standards.
05/28/2020,Oregon,Place of Death Unknown,02/01/2020,05/23/2020,0,0,0,0,0,0,
05/28/2020,Pennsylvania,"Healthcare Setting, Inpatient",02/01/2020,05/23/2020,2475,11599,2586,1331,125,3852,
05/28/2020,Pennsylvania,"Healthcare Setting, Outpatient or Emergency Room",02/01/2020,05/23/2020,96,1697,81,30,,156,One or more data cells have counts between 1–9 and have been suppressed in accordance with NCHS confidentiality standards.
05/28/2020,Pennsylvania,"Healthcare Setting, Dead on Arrival",02/01/2020,05/23/2020,,142,0,0,,,One or more data cells have counts between 1–9 and have been suppressed in accordance with NCHS confidentiality standards.
05/28/2020,Pennsylvania,Decedent's Home,02/01/2020,05/23/2020,124,12478,242,33,12,345,
05/28/2020,Pennsylvania,Hospice Facility,02/01/2020,05/23/2020,89,2203,158,47,14,214,
05/28/2020,Pennsylvania,Nursing Home or Long Term Care Facility,02/01/2020,05/23/2020,2089,12452,893,418,25,2589,
05/28/2020,Pennsylvania,Other,02/01/2020,05/23/2020,,1592,19,,0,25,One or more data cells have counts between 1–9 and have been suppressed in accordance with NCHS confidentiality standards.
05/28/2020,Pennsylvania,Place of Death Unknown,02/01/2020,05/23/2020,0,,0,0,0,0,One or more data cells have counts between 1–9 and have been suppressed in accordance with NCHS confidentiality standards.
05/28/2020,Rhode Island,"Healthcare Setting, Inpatient",02/01/2020,05/23/2020,128,686,137,67,10,208,
05/28/2020,Rhode Island,"Healthcare Setting, Outpatient or Emergency Room",02/01/2020,05/23/2020,,249,11,,0,16,One or more data cells have counts between 1–9 and have been suppressed in accordance with NCHS confidentiality standards.
05/28/2020,Rhode Island,"Healthcare Setting, Dead on Arrival",02/01/2020,05/23/2020,,12,,0,,,One or more data cells have counts between 1–9 and have been suppressed in accordance with NCHS confidentiality standards.
05/28/2020,Rhode Island,Decedent's Home,02/01/2020,05/23/2020,12,758,21,,,33,One or more data cells have counts between 1–9 and have been suppressed in accordance with NCHS confidentiality standards.
05/28/2020,Rhode Island,Hospice Facility,02/01/2020,05/23/2020,32,404,41,27,,52,One or more data cells have counts between 1–9 and have been suppressed in accordance with NCHS confidentiality standards.
05/28/2020,Rhode Island,Nursing Home or Long Term Care Facility,02/01/2020,05/23/2020,207,1065,89,53,,247,One or more data cells have counts between 1–9 and have been suppressed in accordance with NCHS confidentiality standards.
05/28/2020,Rhode Island,Other,02/01/2020,05/23/2020,,38,,0,0,,One or more data cells have counts between 1–9 and have been suppressed in accordance with NCHS confidentiality standards.
05/28/2020,Rhode Island,Place of Death Unknown,02/01/2020,05/23/2020,22,85,16,,0,31,One or more data cells have counts between 1–9 and have been suppressed in accordance with NCHS confidentiality standards.
05/28/2020,South Carolina,"Healthcare Setting, Inpatient",02/01/2020,05/23/2020,268,4502,736,123,66,946,
05/28/2020,South Carolina,"Healthcare Setting, Outpatient or Emergency Room",02/01/2020,05/23/2020,13,1099,23,,0,34,One or more data cells have counts between 1–9 and have been suppressed in accordance with NCHS confidentiality standards.
05/28/2020,South Carolina,"Healthcare Setting, Dead on Arrival",02/01/2020,05/23/2020,0,,0,0,0,0,One or more data cells have counts between 1–9 and have been suppressed in accordance with NCHS confidentiality standards.
05/28/2020,South Carolina,Decedent's Home,02/01/2020,05/23/2020,19,6531,125,,11,149,One or more data cells have counts between 1–9 and have been suppressed in accordance with NCHS confidentiality standards.
05/28/2020,South Carolina,Hospice Facility,02/01/2020,05/23/2020,14,1350,70,,,85,One or more data cells have counts between 1–9 and have been suppressed in accordance with NCHS confidentiality standards.
05/28/2020,South Carolina,Nursing Home or Long Term Care Facility,02/01/2020,05/23/2020,47,2383,102,,10,152,One or more data cells have counts between 1–9 and have been suppressed in accordance with NCHS confidentiality standards.
05/28/2020,South Carolina,Other,02/01/2020,05/23/2020,,918,,0,,,One or more data cells have counts between 1–9 and have been suppressed in accordance with NCHS confidentiality standards.
05/28/2020,South Carolina,Place of Death Unknown,02/01/2020,05/23/2020,0,0,0,0,0,0,
05/28/2020,South Dakota,"Healthcare Setting, Inpatient",02/01/2020,05/23/2020,16,620,113,,10,131,One or more data cells have counts between 1–9 and have been suppressed in accordance with NCHS confidentiality standards.
05/28/2020,South Dakota,"Healthcare Setting, Outpatient or Emergency Room",02/01/2020,05/23/2020,,123,,0,0,,One or more data cells have counts between 1–9 and have been suppressed in accordance with NCHS confidentiality standards.
05/28/2020,South Dakota,"Healthcare Setting, Dead on Arrival",02/01/2020,05/23/2020,0,,0,0,0,0,One or more data cells have counts between 1–9 and have been suppressed in accordance with NCHS confidentiality standards.
05/28/2020,South Dakota,Decedent's Home,02/01/2020,05/23/2020,,544,20,,,22,One or more data cells have counts between 1–9 and have been suppressed in accordance with NCHS confidentiality standards.
05/28/2020,South Dakota,Hospice Facility,02/01/2020,05/23/2020,,296,26,,,31,One or more data cells have counts between 1–9 and have been suppressed in accordance with NCHS confidentiality standards.
05/28/2020,South Dakota,Nursing Home or Long Term Care Facility,02/01/2020,05/23/2020,21,805,40,,,62,One or more data cells have counts between 1–9 and have been suppressed in accordance with NCHS confidentiality standards.
05/28/2020,South Dakota,Other,02/01/2020,05/23/2020,0,106,,0,,,One or more data cells have counts between 1–9 and have been suppressed in accordance with NCHS confidentiality standards.
05/28/2020,South Dakota,Place of Death Unknown,02/01/2020,05/23/2020,0,0,0,0,0,0,
05/28/2020,Tennessee,"Healthcare Setting, Inpatient",02/01/2020,05/23/2020,214,7149,1193,96,88,1399,
05/28/2020,Tennessee,"Healthcare Setting, Outpatient or Emergency Room",02/01/2020,05/23/2020,,1965,78,,,85,One or more data cells have counts between 1–9 and have been suppressed in accordance with NCHS confidentiality standards.
05/28/2020,Tennessee,"Healthcare Setting, Dead on Arrival",02/01/2020,05/23/2020,0,515,,0,,,One or more data cells have counts between 1–9 and have been suppressed in accordance with NCHS confidentiality standards.
05/28/2020,Tennessee,Decedent's Home,02/01/2020,05/23/2020,,8066,184,,12,201,One or more data cells have counts between 1–9 and have been suppressed in accordance with NCHS confidentiality standards.
05/28/2020,Tennessee,Hospice Facility,02/01/2020,05/23/2020,,903,49,,,59,One or more data cells have counts between 1–9 and have been suppressed in accordance with NCHS confidentiality standards.
05/28/2020,Tennessee,Nursing Home or Long Term Care Facility,02/01/2020,05/23/2020,33,4241,249,,11,285,One or more data cells have counts between 1–9 and have been suppressed in accordance with NCHS confidentiality standards.
05/28/2020,Tennessee,Other,02/01/2020,05/23/2020,,1277,20,,0,22,One or more data cells have counts between 1–9 and have been suppressed in accordance with NCHS confidentiality standards.
05/28/2020,Tennessee,Place of Death Unknown,02/01/2020,05/23/2020,0,0,0,0,0,0,
05/28/2020,Texas,"Healthcare Setting, Inpatient",02/01/2020,05/23/2020,897,19076,3449,459,250,4135,
05/28/2020,Texas,"Healthcare Setting, Outpatient or Emergency Room",02/01/2020,05/23/2020,42,4511,173,,11,218,One or more data cells have counts between 1–9 and have been suppressed in accordance with NCHS confidentiality standards.
05/28/2020,Texas,"Healthcare Setting, Dead on Arrival",02/01/2020,05/23/2020,0,72,,0,0,,One or more data cells have counts between 1–9 and have been suppressed in accordance with NCHS confidentiality standards.
05/28/2020,Texas,Decedent's Home,02/01/2020,05/23/2020,68,22293,469,,37,569,One or more data cells have counts between 1–9 and have been suppressed in accordance with NCHS confidentiality standards.
05/28/2020,Texas,Hospice Facility,02/01/2020,05/23/2020,17,3524,298,,11,319,One or more data cells have counts between 1–9 and have been suppressed in accordance with NCHS confidentiality standards.
05/28/2020,Texas,Nursing Home or Long Term Care Facility,02/01/2020,05/23/2020,159,11149,473,32,13,613,
05/28/2020,Texas,Other,02/01/2020,05/23/2020,26,4653,111,,,138,One or more data cells have counts between 1–9 and have been suppressed in accordance with NCHS confidentiality standards.
05/28/2020,Texas,Place of Death Unknown,02/01/2020,05/23/2020,0,0,0,0,0,0,
05/28/2020,Utah,"Healthcare Setting, Inpatient",02/01/2020,05/23/2020,55,1268,199,27,19,246,
05/28/2020,Utah,"Healthcare Setting, Outpatient or Emergency Room",02/01/2020,05/23/2020,,242,,,,10,One or more data cells have counts between 1–9 and have been suppressed in accordance with NCHS confidentiality standards.
05/28/2020,Utah,"Healthcare Setting, Dead on Arrival",02/01/2020,05/23/2020,0,,0,0,0,0,One or more data cells have counts between 1–9 and have been suppressed in accordance with NCHS confidentiality standards.
05/28/2020,Utah,Decedent's Home,02/01/2020,05/23/2020,,2649,68,0,10,83,One or more data cells have counts between 1–9 and have been suppressed in accordance with NCHS confidentiality standards.
05/28/2020,Utah,Hospice Facility,02/01/2020,05/23/2020,0,0,0,0,0,0,
05/28/2020,Utah,Nursing Home or Long Term Care Facility,02/01/2020,05/23/2020,23,1589,65,,,90,One or more data cells have counts between 1–9 and have been suppressed in accordance with NCHS confidentiality standards.
05/28/2020,Utah,Other,02/01/2020,05/23/2020,0,453,,0,,,One or more data cells have counts between 1–9 and have been suppressed in accordance with NCHS confidentiality standards.
05/28/2020,Utah,Place of Death Unknown,02/01/2020,05/23/2020,0,0,0,0,0,0,
05/28/2020,Vermont,"Healthcare Setting, Inpatient",02/01/2020,05/23/2020,22,422,70,10,,91,One or more data cells have counts between 1–9 and have been suppressed in accordance with NCHS confidentiality standards.
05/28/2020,Vermont,"Healthcare Setting, Outpatient or Emergency Room",02/01/2020,05/23/2020,0,86,,0,,,One or more data cells have counts between 1–9 and have been suppressed in accordance with NCHS confidentiality standards.
05/28/2020,Vermont,"Healthcare Setting, Dead on Arrival",02/01/2020,05/23/2020,0,,0,0,0,0,One or more data cells have counts between 1–9 and have been suppressed in accordance with NCHS confidentiality standards.
05/28/2020,Vermont,Decedent's Home,02/01/2020,05/23/2020,,716,14,0,,16,One or more data cells have counts between 1–9 and have been suppressed in accordance with NCHS confidentiality standards.
05/28/2020,Vermont,Hospice Facility,02/01/2020,05/23/2020,0,101,,0,,,One or more data cells have counts between 1–9 and have been suppressed in accordance with NCHS confidentiality standards.
05/28/2020,Vermont,Nursing Home or Long Term Care Facility,02/01/2020,05/23/2020,29,538,30,,,60,One or more data cells have counts between 1–9 and have been suppressed in accordance with NCHS confidentiality standards.
05/28/2020,Vermont,Other,02/01/2020,05/23/2020,0,98,,0,0,,One or more data cells have counts between 1–9 and have been suppressed in accordance with NCHS confidentiality standards.
05/28/2020,Vermont,Place of Death Unknown,02/01/2020,05/23/2020,0,,0,0,0,0,One or more data cells have counts between 1–9 and have been suppressed in accordance with NCHS confidentiality standards.
05/28/2020,Virginia,"Healthcare Setting, Inpatient",02/01/2020,05/23/2020,643,6799,1054,290,71,1476,
05/28/2020,Virginia,"Healthcare Setting, Outpatient or Emergency Room",02/01/2020,05/23/2020,42,1201,55,,10,100,One or more data cells have counts between 1–9 and have been suppressed in accordance with NCHS confidentiality standards.
05/28/2020,Virginia,"Healthcare Setting, Dead on Arrival",02/01/2020,05/23/2020,0,50,,0,,,One or more data cells have counts between 1–9 and have been suppressed in accordance with NCHS confidentiality standards.
05/28/2020,Virginia,Decedent's Home,02/01/2020,05/23/2020,38,8267,132,,16,180,One or more data cells have counts between 1–9 and have been suppressed in accordance with NCHS confidentiality standards.
05/28/2020,Virginia,Hospice Facility,02/01/2020,05/23/2020,27,733,34,13,,49,One or more data cells have counts between 1–9 and have been suppressed in accordance with NCHS confidentiality standards.
05/28/2020,Virginia,Nursing Home or Long Term Care Facility,02/01/2020,05/23/2020,291,4784,170,41,10,430,
05/28/2020,Virginia,Other,02/01/2020,05/23/2020,16,1587,11,,,28,One or more data cells have counts between 1–9 and have been suppressed in accordance with NCHS confidentiality standards.
05/28/2020,Virginia,Place of Death Unknown,02/01/2020,05/23/2020,0,12,0,0,0,0,
05/28/2020,Washington,"Healthcare Setting, Inpatient",02/01/2020,05/23/2020,569,5414,1057,342,78,1357,
05/28/2020,Washington,"Healthcare Setting, Outpatient or Emergency Room",02/01/2020,05/23/2020,10,490,39,,,46,One or more data cells have counts between 1–9 and have been suppressed in accordance with NCHS confidentiality standards.
05/28/2020,Washington,"Healthcare Setting, Dead on Arrival",02/01/2020,05/23/2020,0,16,,0,0,,One or more data cells have counts between 1–9 and have been suppressed in accordance with NCHS confidentiality standards.
05/28/2020,Washington,Decedent's Home,02/01/2020,05/23/2020,64,7149,165,24,13,218,
05/28/2020,Washington,Hospice Facility,02/01/2020,05/23/2020,21,1097,65,10,,81,One or more data cells have counts between 1–9 and have been suppressed in accordance with NCHS confidentiality standards.
05/28/2020,Washington,Nursing Home or Long Term Care Facility,02/01/2020,05/23/2020,236,3466,250,108,,387,One or more data cells have counts between 1–9 and have been suppressed in accordance with NCHS confidentiality standards.
05/28/2020,Washington,Other,02/01/2020,05/23/2020,18,978,25,,,37,One or more data cells have counts between 1–9 and have been suppressed in accordance with NCHS confidentiality standards.
05/28/2020,Washington,Place of Death Unknown,02/01/2020,05/23/2020,0,0,0,0,0,0,
05/28/2020,West Virginia,"Healthcare Setting, Inpatient",02/01/2020,05/23/2020,40,1770,320,15,42,387,
05/28/2020,West Virginia,"Healthcare Setting, Outpatient or Emergency Room",02/01/2020,05/23/2020,,450,14,0,,16,One or more data cells have counts between 1–9 and have been suppressed in accordance with NCHS confidentiality standards.
05/28/2020,West Virginia,"Healthcare Setting, Dead on Arrival",02/01/2020,05/23/2020,0,15,,0,0,,One or more data cells have counts between 1–9 and have been suppressed in accordance with NCHS confidentiality standards.
05/28/2020,West Virginia,Decedent's Home,02/01/2020,05/23/2020,0,2048,32,0,,36,One or more data cells have counts between 1–9 and have been suppressed in accordance with NCHS confidentiality standards.
05/28/2020,West Virginia,Hospice Facility,02/01/2020,05/23/2020,,675,50,0,,55,One or more data cells have counts between 1–9 and have been suppressed in accordance with NCHS confidentiality standards.
05/28/2020,West Virginia,Nursing Home or Long Term Care Facility,02/01/2020,05/23/2020,18,983,43,,,66,One or more data cells have counts between 1–9 and have been suppressed in accordance with NCHS confidentiality standards.
05/28/2020,West Virginia,Other,02/01/2020,05/23/2020,0,292,,0,,,One or more data cells have counts between 1–9 and have been suppressed in accordance with NCHS confidentiality standards.
05/28/2020,West Virginia,Place of Death Unknown,02/01/2020,05/23/2020,0,0,0,0,0,0,
05/28/2020,Wisconsin,"Healthcare Setting, Inpatient",02/01/2020,05/23/2020,295,4363,588,54,100,929,
05/28/2020,Wisconsin,"Healthcare Setting, Outpatient or Emergency Room",02/01/2020,05/23/2020,13,753,20,0,,39,One or more data cells have counts between 1–9 and have been suppressed in accordance with NCHS confidentiality standards.
05/28/2020,Wisconsin,"Healthcare Setting, Dead on Arrival",02/01/2020,05/23/2020,,27,,0,0,,One or more data cells have counts between 1–9 and have been suppressed in accordance with NCHS confidentiality standards.
05/28/2020,Wisconsin,Decedent's Home,02/01/2020,05/23/2020,39,5625,94,,17,147,One or more data cells have counts between 1–9 and have been suppressed in accordance with NCHS confidentiality standards.
05/28/2020,Wisconsin,Hospice Facility,02/01/2020,05/23/2020,24,1316,70,,,97,One or more data cells have counts between 1–9 and have been suppressed in accordance with NCHS confidentiality standards.
05/28/2020,Wisconsin,Nursing Home or Long Term Care Facility,02/01/2020,05/23/2020,55,3036,154,12,12,209,
05/28/2020,Wisconsin,Other,02/01/2020,05/23/2020,26,2845,67,0,,99,One or more data cells have counts between 1–9 and have been suppressed in accordance with NCHS confidentiality standards.
05/28/2020,Wisconsin,Place of Death Unknown,02/01/2020,05/23/2020,0,0,0,0,0,0,
05/28/2020,Wyoming,"Healthcare Setting, Inpatient",02/01/2020,05/23/2020,,270,53,,,59,One or more data cells have counts between 1–9 and have been suppressed in accordance with NCHS confidentiality standards.
05/28/2020,Wyoming,"Healthcare Setting, Outpatient or Emergency Room",02/01/2020,05/23/2020,0,79,,0,,,One or more data cells have counts between 1–9 and have been suppressed in accordance with NCHS confidentiality standards.
05/28/2020,Wyoming,"Healthcare Setting, Dead on Arrival",02/01/2020,05/23/2020,0,,0,0,0,0,One or more data cells have counts between 1–9 and have been suppressed in accordance with NCHS confidentiality standards.
05/28/2020,Wyoming,Decedent's Home,02/01/2020,05/23/2020,0,570,20,0,0,20,
05/28/2020,Wyoming,Hospice Facility,02/01/2020,05/23/2020,0,148,,0,0,,One or more data cells have counts between 1–9 and have been suppressed in accordance with NCHS confidentiality standards.
05/28/2020,Wyoming,Nursing Home or Long Term Care Facility,02/01/2020,05/23/2020,0,272,19,0,,21,One or more data cells have counts between 1–9 and have been suppressed in accordance with NCHS confidentiality standards.
05/28/2020,Wyoming,Other,02/01/2020,05/23/2020,0,85,0,0,0,0,
05/28/2020,Wyoming,Place of Death Unknown,02/01/2020,05/23/2020,0,0,0,0,0,0,
05/28/2020,Puerto Rico,"Healthcare Setting, Inpatient",02/01/2020,05/23/2020,93,0,0,0,0,0,
05/28/2020,Puerto Rico,"Healthcare Setting, Outpatient or Emergency Room",02/01/2020,05/23/2020,14,0,0,0,0,0,
05/28/2020,Puerto Rico,"Healthcare Setting, Dead on Arrival",02/01/2020,05/23/2020,0,0,0,0,0,0,
05/28/2020,Puerto Rico,Decedent's Home,02/01/2020,05/23/2020,,0,0,0,0,0,One or more data cells have counts between 1–9 and have been suppressed in accordance with NCHS confidentiality standards.
05/28/2020,Puerto Rico,Hospice Facility,02/01/2020,05/23/2020,0,0,0,0,0,0,
05/28/2020,Puerto Rico,Nursing Home or Long Term Care Facility,02/01/2020,05/23/2020,,0,0,0,0,0,One or more data cells have counts between 1–9 and have been suppressed in accordance with NCHS confidentiality standards.
05/28/2020,Puerto Rico,Other,02/01/2020,05/23/2020,,0,0,0,0,0,One or more data cells have counts between 1–9 and have been suppressed in accordance with NCHS confidentiality standards.
05/28/2020,Puerto Rico,Place of Death Unknown,02/01/2020,05/23/2020,0,0,0,0,0,0,
